RecErr,Frechet,SceneCoverage,TemporalCoverage@tau,RedundancyMeanCos,MinPairwiseDist,Sharpness_med,Exposure_med,Noise_med,NumKeys,NumAllEmbed
0.40700944397184585,0.8381706332302368,1.0,0.24541385121970669,0.45321104519589,0.3120222715444343,284.7530389400834,175.64699591339837,5.8360621793402565,40.37777777777778,144.35555555555555
